[{"fields": {"name": "cp"}, "model": "tada.site", "pk": 2},
 {"fields": {"name": "ct"}, "model": "tada.site", "pk": 3},
 {"fields": {"name": "kp"}, "model": "tada.site", "pk": 1},
 {"fields": {"name": "ct15m"}, "model": "tada.telescope", "pk": 8},
 {"fields": {"name": "bok23m"}, "model": "tada.telescope", "pk": 12},
 {"fields": {"name": "ct13m"}, "model": "tada.telescope", "pk": 10},
 {"fields": {"name": "ct4m"}, "model": "tada.telescope", "pk": 4},
 {"fields": {"name": "kp4m"}, "model": "tada.telescope", "pk": 5},
 {"fields": {"name": "kp09m"}, "model": "tada.telescope", "pk": 1},
 {"fields": {"name": "ct09m"}, "model": "tada.telescope", "pk": 14},
 {"fields": {"name": "kpcf"}, "model": "tada.telescope", "pk": 9},
 {"fields": {"name": "ctlab"}, "model": "tada.telescope", "pk": 3},
 {"fields": {"name": "ct1m"}, "model": "tada.telescope", "pk": 13},
 {"fields": {"name": "wiyn"}, "model": "tada.telescope", "pk": 11},
 {"fields": {"name": "soar"}, "model": "tada.telescope", "pk": 2},
 {"fields": {"name": "kp35m"}, "model": "tada.telescope", "pk": 7},
 {"fields": {"name": "kp21m"}, "model": "tada.telescope", "pk": 6},
 {"fields": {"name": "arcoiris"}, "model": "tada.instrument", "pk": 8},
 {"fields": {"name": "whirc"}, "model": "tada.instrument", "pk": 29},
 {"fields": {"name": "decam"}, "model": "tada.instrument", "pk": 30},
 {"fields": {"name": "90prime"}, "model": "tada.instrument", "pk": 22},
 {"fields": {"name": "goodman"}, "model": "tada.instrument", "pk": 20},
 {"fields": {"name": "spartan"}, "model": "tada.instrument", "pk": 16},
 {"fields": {"name": "echelle"}, "model": "tada.instrument", "pk": 18},
 {"fields": {"name": "flamingos"}, "model": "tada.instrument", "pk": 6},
 {"fields": {"name": "ice"}, "model": "tada.instrument", "pk": 9},
 {"fields": {"name": "chiron"}, "model": "tada.instrument", "pk": 28},
 {"fields": {"name": "cosmos"}, "model": "tada.instrument", "pk": 3},
 {"fields": {"name": "newfirm"}, "model": "tada.instrument", "pk": 17},
 {"fields": {"name": "y4kcam"}, "model": "tada.instrument", "pk": 31},
 {"fields": {"name": "falmingos"}, "model": "tada.instrument", "pk": 27},
 {"fields": {"name": "wildfire"}, "model": "tada.instrument", "pk": 7},
 {"fields": {"name": "mosaic"}, "model": "tada.instrument", "pk": 1},
 {"fields": {"name": "osiris"}, "model": "tada.instrument", "pk": 5},
 {"fields": {"name": "soi"}, "model": "tada.instrument", "pk": 25},
 {"fields": {"name": "sami"}, "model": "tada.instrument", "pk": 24},
 {"fields": {"name": "ispi"}, "model": "tada.instrument", "pk": 4},
 {"fields": {"name": "gtcam"}, "model": "tada.instrument", "pk": 33},
 {"fields": {"name": "ccd_imager"}, "model": "tada.instrument", "pk": 32},
 {"fields": {"name": "goodman spectrograph"},
  "model": "tada.instrument",
  "pk": 2},
 {"fields": {"name": "bench"}, "model": "tada.instrument", "pk": 19},
 {"fields": {"name": "andicam"}, "model": "tada.instrument", "pk": 14},
 {"fields": {"name": "(p)odi"}, "model": "tada.instrument", "pk": 23},
 {"fields": {"name": "kosmos"}, "model": "tada.instrument", "pk": 15},
 {"fields": {"name": "spartan ir camera"},
  "model": "tada.instrument",
  "pk": 26},
 {"fields": {"name": "arcon"}, "model": "tada.instrument", "pk": 12},
 {"fields": {"name": "hdi"}, "model": "tada.instrument", "pk": 21},
 {"fields": {"name": "mop/ice"}, "model": "tada.instrument", "pk": 13},
 {"fields": {"name": "minimo/ice"}, "model": "tada.instrument", "pk": 11},
 {"fields": {"name": "mosaic3"}, "model": "tada.instrument", "pk": 10},
 {"fields": {"instrument": 1, "prefix": "k09m", "site": 1, "telescope": 1},
  "model": "tada.fileprefix",
  "pk": 1},
 {"fields": {"instrument": 2, "prefix": "psg", "site": 2, "telescope": 2},
  "model": "tada.fileprefix",
  "pk": 2},
 {"fields": {"instrument": 3, "prefix": "clc", "site": 3, "telescope": 3},
  "model": "tada.fileprefix",
  "pk": 3},
 {"fields": {"instrument": 4, "prefix": "c4i", "site": 3, "telescope": 4},
  "model": "tada.fileprefix",
  "pk": 4},
 {"fields": {"instrument": 5, "prefix": "pso", "site": 2, "telescope": 2},
  "model": "tada.fileprefix",
  "pk": 5},
 {"fields": {"instrument": 6, "prefix": "k4f", "site": 1, "telescope": 5},
  "model": "tada.fileprefix",
  "pk": 6},
 {"fields": {"instrument": 7, "prefix": "k21w", "site": 1, "telescope": 6},
  "model": "tada.fileprefix",
  "pk": 7},
 {"fields": {"instrument": 8, "prefix": "c4ai", "site": 3, "telescope": 4},
  "model": "tada.fileprefix",
  "pk": 8},
 {"fields": {"instrument": 9, "prefix": "k09i", "site": 1, "telescope": 1},
  "model": "tada.fileprefix",
  "pk": 9},
 {"fields": {"instrument": 10, "prefix": "k4m", "site": 1, "telescope": 5},
  "model": "tada.fileprefix",
  "pk": 10},
 {"fields": {"instrument": 7, "prefix": "k4w", "site": 1, "telescope": 5},
  "model": "tada.fileprefix",
  "pk": 11},
 {"fields": {"instrument": 11, "prefix": "kwi", "site": 1, "telescope": 7},
  "model": "tada.fileprefix",
  "pk": 12},
 {"fields": {"instrument": 12, "prefix": "c15s", "site": 3, "telescope": 8},
  "model": "tada.fileprefix",
  "pk": 13},
 {"fields": {"instrument": 13, "prefix": "kcfs", "site": 1, "telescope": 9},
  "model": "tada.fileprefix",
  "pk": 14},
 {"fields": {"instrument": 14, "prefix": "c13a", "site": 3, "telescope": 10},
  "model": "tada.fileprefix",
  "pk": 15},
 {"fields": {"instrument": 15, "prefix": "k4k", "site": 1, "telescope": 5},
  "model": "tada.fileprefix",
  "pk": 16},
 {"fields": {"instrument": 16, "prefix": "pss", "site": 2, "telescope": 2},
  "model": "tada.fileprefix",
  "pk": 17},
 {"fields": {"instrument": 17, "prefix": "c4n", "site": 3, "telescope": 4},
  "model": "tada.fileprefix",
  "pk": 18},
 {"fields": {"instrument": 18, "prefix": "c15e", "site": 3, "telescope": 8},
  "model": "tada.fileprefix",
  "pk": 19},
 {"fields": {"instrument": 19, "prefix": "kwb", "site": 1, "telescope": 11},
  "model": "tada.fileprefix",
  "pk": 20},
 {"fields": {"instrument": 1, "prefix": "c4m", "site": 3, "telescope": 4},
  "model": "tada.fileprefix",
  "pk": 21},
 {"fields": {"instrument": 17, "prefix": "k4n", "site": 1, "telescope": 5},
  "model": "tada.fileprefix",
  "pk": 22},
 {"fields": {"instrument": 20, "prefix": "psg", "site": 2, "telescope": 2},
  "model": "tada.fileprefix",
  "pk": 23},
 {"fields": {"instrument": 21, "prefix": "k09h", "site": 1, "telescope": 1},
  "model": "tada.fileprefix",
  "pk": 24},
 {"fields": {"instrument": 22, "prefix": "ksb", "site": 1, "telescope": 12},
  "model": "tada.fileprefix",
  "pk": 25},
 {"fields": {"instrument": 23, "prefix": "kwo", "site": 1, "telescope": 7},
  "model": "tada.fileprefix",
  "pk": 26},
 {"fields": {"instrument": 24, "prefix": "psa", "site": 2, "telescope": 2},
  "model": "tada.fileprefix",
  "pk": 27},
 {"fields": {"instrument": 25, "prefix": "psi", "site": 2, "telescope": 2},
  "model": "tada.fileprefix",
  "pk": 28},
 {"fields": {"instrument": 3, "prefix": "k4k", "site": 1, "telescope": 5},
  "model": "tada.fileprefix",
  "pk": 29},
 {"fields": {"instrument": 26, "prefix": "pss", "site": 2, "telescope": 2},
  "model": "tada.fileprefix",
  "pk": 30},
 {"fields": {"instrument": 27, "prefix": "k21f", "site": 1, "telescope": 6},
  "model": "tada.fileprefix",
  "pk": 31},
 {"fields": {"instrument": 28, "prefix": "c15e", "site": 3, "telescope": 8},
  "model": "tada.fileprefix",
  "pk": 32},
 {"fields": {"instrument": 29, "prefix": "kww", "site": 1, "telescope": 7},
  "model": "tada.fileprefix",
  "pk": 33},
 {"fields": {"instrument": 30, "prefix": "c4d", "site": 3, "telescope": 4},
  "model": "tada.fileprefix",
  "pk": 34},
 {"fields": {"instrument": 29, "prefix": "kww", "site": 1, "telescope": 11},
  "model": "tada.fileprefix",
  "pk": 35},
 {"fields": {"instrument": 31, "prefix": "c1i", "site": 3, "telescope": 13},
  "model": "tada.fileprefix",
  "pk": 36},
 {"fields": {"instrument": 3, "prefix": "c4c", "site": 3, "telescope": 4},
  "model": "tada.fileprefix",
  "pk": 37},
 {"fields": {"instrument": 13, "prefix": "k21i", "site": 1, "telescope": 6},
  "model": "tada.fileprefix",
  "pk": 38},
 {"fields": {"instrument": 15, "prefix": "ksb", "site": 3, "telescope": 12},
  "model": "tada.fileprefix",
  "pk": 39},
 {"fields": {"instrument": 9, "prefix": "k4i", "site": 1, "telescope": 5},
  "model": "tada.fileprefix",
  "pk": 40},
 {"fields": {"instrument": 1, "prefix": "k4m", "site": 1, "telescope": 5},
  "model": "tada.fileprefix",
  "pk": 41},
 {"fields": {"instrument": 32, "prefix": "c09i", "site": 3, "telescope": 14},
  "model": "tada.fileprefix",
  "pk": 42},
 {"fields": {"instrument": 33, "prefix": "k21g", "site": 1, "telescope": 6},
  "model": "tada.fileprefix",
  "pk": 43}]
